Date,Time,Duration (S),Call Type,Direction,Calling Number,Called Number,Completion Code,1st LTE Site ID,1st LTE Sector ID,1st LAC,1st Cell ID,1st Tower Azimuth,1st Tower LAT,1st Tower LONG,1st Tower Address,1st Tower City,1st Tower State,1st Tower Zip,,,,,,,,,
08/27/2021,01:03:29,4,mtc,Incoming,16504838989,14159996655,Completed Successfully,45352,7,,,,37.77728644,-122.4562649,3067 Turk Blvd,San Francisco,CA,94118,,,,,,,,,
08/27/2021,01:04:02,4,moc,Outgoing,16504838989,14159996655,Completed Successfully,45352,7,,,,37.77728644,-122.4562649,3067 Turk Blvd,San Francisco,CA,94118,,,,,,,,,
08/27/2021,02:43:23,,mtc,Incoming,16504838989,14153331122,Abnormal Completion ,45352,7,,,,37.77728644,-122.4562649,3067 Turk Blvd,San Francisco,CA,94118,,,,,,,,,
08/27/2021,02:44:28,,SMSC,,16504838989,14153331122,Completed Successfully,,,,,,,,,,,,,,,,,,,,
08/27/2021,07:37:50,,SMSC,,16504838989,84399,Completed Successfully,,,,,,,,,,,,,,,,,,,,
08/27/2021,07:37:51,,SMSC,,16504838989,14158887755,Completed Successfully,,,,,,,,,,,,,,,,,,,,
08/27/2021,11:29:12,,SMSC,,16504838989,14158887755,Completed Successfully,,,,,,,,,,,,,,,,,,,,
08/27/2021,11:29:56,,SMSC,,16504838989,14158887755,Completed Successfully,,,,,,,,,,,,,,,,,,,,
08/27/2021,11:56:23,86,moc,Outgoing,16504838989,14158887755,Completed Successfully,45352,7,,,,37.77728644,-122.4562649,3067 Turk Blvd,San Francisco,CA,94118,,,,,,,,,
08/27/2021,12:21:48,,moc,Outgoing,16504838989,14158887755,Abnormal Completion ,45352,1,,,,37.75624392,-122.4178705,665 Capp St,San Francisco,CA,94110,,,,,,,,,
08/27/2021,12:27:53,622,mtc,Incoming,16504838989,14150001919,Completed Successfully,45352,1,,,,37.75143534,-122.4164762,1358 S Van Ness Ave,San Francisco,CA,94110,,,,,,,,,
08/27/2021,12:53:12,,moc,Outgoing,16504838989,14158887755,Abnormal Completion ,41025,1,,,,37.75143534,-122.4164762,1358 S Van Ness Ave,San Francisco,CA,94110,,,,,,,,,
08/27/2021,12:56:30,262,mtc,Incoming,16504838989,14151112255,Completed Successfully,139977,61,,,,37.75143534,-122.4164762,1358 S Van Ness Ave,San Francisco,CA,94110,,,,,,,,,
08/27/2021,13:35:13,,SMSC,,16504838989,14156663322,Completed Successfully,,,,,,,,,,,,,,,,,,,,
08/27/2021,13:35:14,,SMSC,,16504838989,14156663322,Completed Successfully,,,,,,,,,,,,,,,,,,,,
08/27/2021,13:39:46,,SMSC,,16504838989,14156663322,Completed Successfully,,,,,,,,,,,,,,,,,,,,
08/27/2021,13:52:25,,SMSC,,16504838989,14158887755,Completed Successfully,,,,,,,,,,,,,,,,,,,,
08/27/2021,14:23:20,,moc,Outgoing,16504838989,14158887755,Abnormal Completion ,47392,7,,,,37.75143534,-122.4164762,1358 S Van Ness Ave,San Francisco,CA,94110,,,,,,,,,
08/27/2021,14:29:21,988,mtc,Incoming,16504838989,14157774455,Completed Successfully,47392,7,,,,37.75143534,-122.4164762,1358 S Van Ness Ave,San Francisco,CA,94110,,,,,,,,,
08/27/2021,15:23:18,69,mtc,Incoming,16504838989,14156663322,Completed Successfully,45352,1,,,,37.75143534,-122.4164762,1358 S Van Ness Ave,San Francisco,CA,94110,,,,,,,,,
08/27/2021,15:48:35,420,moc,Outgoing,16504838989,14158887755,Completed Successfully,45352,3,,,,37.75143534,-122.4164762,1358 S Van Ness Ave,San Francisco,CA,94110,,,,,,,,,
08/27/2021,17:39:17,2071,mtc,Incoming,16504838989,14157774455,Completed Successfully,47392,7,,,,37.75143534,-122.4164762,1358 S Van Ness Ave,San Francisco,CA,94110,,,,,,,,,
08/27/2021,18:36:44,,SMSC,,16504838989,14152223311,Completed Successfully,,,,,,,,,,,,,,,,,,,,
08/27/2021,18:43:53,57,moc,Outgoing,16504838989,14158887755,Completed Successfully,47392,7,,,,37.75271086,-122.4439334,900 Corbett Ave,San Francisco,CA,94131,,,,,,,,,
08/27/2021,18:55:24,,SMSC,,16504838989,2300,Completed Successfully,,,,,,,,,,,,,,,,,,,,
08/27/2021,18:55:59,,SMSC,,16504838989,2300,Completed Successfully,,,,,,,,,,,,,,,,,,,,
08/27/2021,18:56:11,,SMSC,,16504838989,2300,Completed Successfully,,,,,,,,,,,,,,,,,,,,
08/27/2021,18:57:05,,SMSC,,16504838989,2300,Completed Successfully,,,,,,,,,,,,,,,,,,,,
08/27/2021,18:57:14,,SMSC,,16504838989,2300,Completed Successfully,,,,,,,,,,,,,,,,,,,,
08/27/2021,18:57:19,4,mtc,Incoming,16504838989,15105556262,Completed Successfully,47392,7,,,,37.75271086,-122.4439334,900 Corbett Ave,San Francisco,CA,94131,,,,,,,,,
08/27/2021,18:57:19,,SMSC,,16504838989,2300,Completed Successfully,,,,,,,,,,,,,,,,,,,,
08/27/2021,18:57:39,,SMSC,,16504838989,2300,Completed Successfully,,,,,,,,,,,,,,,,,,,,
08/27/2021,18:57:50,4,moc,Outgoing,16504838989,15105556262,Completed Successfully,47392,7,,,,37.75271086,-122.4439334,900 Corbett Ave,San Francisco,CA,94131,,,,,,,,,
08/27/2021,18:57:57,,SMSC,,16504838989,2300,Completed Successfully,,,,,,,,,,,,,,,,,,,,
08/27/2021,18:58:10,,SMSC,,16504838989,2300,Completed Successfully,,,,,,,,,,,,,,,,,,,,
08/27/2021,19:00:27,140,moc,Outgoing,16504838989,14158887755,Completed Successfully,47392,7,,,,37.75271086,-122.4439334,900 Corbett Ave,San Francisco,CA,94131,,,,,,,,,
08/27/2021,19:52:25,58,moc,Outgoing,16504838989,14158887755,Completed Successfully,47392,7,,,,37.75271086,-122.4439334,900 Corbett Ave,San Francisco,CA,94131,,,,,,,,,
08/27/2021,20:23:38,,SMSC,,16504838989,14156663322,Completed Successfully,,,,,,,,,,,,,,,,,,,,
08/27/2021,20:23:52,,SMSC,,16504838989,14156663322,Completed Successfully,,,,,,,,,,,,,,,,,,,,
08/27/2021,20:27:44,,SMSC,,16504838989,14158887755,Completed Successfully,,,,,,,,,,,,,,,,,,,,
08/27/2021,20:27:47,,SMSC,,16504838989,14158887755,Completed Successfully,,,,,,,,,,,,,,,,,,,,
08/27/2021,20:55:25,,SMSC,,16504838989,14156663322,Completed Successfully,,,,,,,,,,,,,,,,,,,,
08/27/2021,20:58:29,,SMSC,,16504838989,14158887755,Completed Successfully,,,,,,,,,,,,,,,,,,,,
08/27/2021,21:05:17,,SMSC,,16504838989,14156663322,Completed Successfully,,,,,,,,,,,,,,,,,,,,
08/27/2021,21:07:34,,SMSC,,16504838989,14158887755,Completed Successfully,,,,,,,,,,,,,,,,,,,,
08/27/2021,21:27:01,95,mtc,Incoming,16504838989,15101112020,Completed Successfully,47392,7,,,,37.75271086,-122.4439334,900 Corbett Ave,San Francisco,CA,94131,,,,,,,,,
08/27/2021,22:07:08,1068,moc,Outgoing,16504838989,14158887755,Completed Successfully,,,61760,20482,,,,,,,,,,,,,,,,
08/27/2021,22:53:48,84,mtc,Incoming,16504838989,15108884646,Completed Successfully,45352,7,,,,37.75271086,-122.4439334,900 Corbett Ave,San Francisco,CA,94131,,,,,,,,,
08/27/2021,23:54:20,,SMSC,,16504838989,2300,Completed Successfully,,,,,,,,,,,,,,,,,,,,
08/28/2021,00:59:42,5,mtc,Incoming,16504838989,15101112020,Completed Successfully,45352,7,,,,37.76214246,-122.4504809,1418 Shrader St,San Francisco,CA,94117,,,,,,,,,
08/28/2021,01:00:14,5,moc,Outgoing,16504838989,15101112020,Completed Successfully,45352,7,,,,37.76214246,-122.4504809,1418 Shrader St,San Francisco,CA,94117,,,,,,,,,
08/28/2021,01:14:23,29,mtc,Incoming,16504838989,15101112020,Completed Successfully,45352,7,,,,37.7721658,-122.4539587,2198 Fell St,San Francisco,CA,94117,,,,,,,,,
08/28/2021,01:26:18,105,moc,Outgoing,16504838989,14158887755,Completed Successfully,45352,7,,,,37.77728644,-122.4562649,3067 Turk Blvd,San Francisco,CA,94118,,,,,,,,,
08/28/2021,01:34:42,33,moc,Outgoing,16504838989,14158887755,Completed Successfully,117169,50,,,,,,,,,,,,,,,,,,
08/28/2021,01:42:45,266,moc,Outgoing,16504838989,14158887755,Completed Successfully,40830,2,,,,37.77728644,-122.4562649,3067 Turk Blvd,San Francisco,CA,94118,,,,,,,,,
08/28/2021,04:27:32,7,moc,Outgoing,16504838989,14158887755,Completed Successfully,47387,7,,,,37.77728644,-122.4562649,3067 Turk Blvd,San Francisco,CA,94118,,,,,,,,,
08/28/2021,04:31:30,,moc,Outgoing,16504838989,14158887755,Abnormal Completion ,47387,7,,,,37.77728644,-122.4562649,3067 Turk Blvd,San Francisco,CA,94118,,,,,,,,,
08/28/2021,04:34:13,,moc,Outgoing,16504838989,14158887755,Abnormal Completion ,47387,7,,,,37.77728644,-122.4562649,3067 Turk Blvd,San Francisco,CA,94118,,,,,,,,,
08/28/2021,04:35:30,,moc,Outgoing,16504838989,14158887755,Abnormal Completion ,47387,7,,,,37.77728644,-122.4562649,3067 Turk Blvd,San Francisco,CA,94118,,,,,,,,,
08/28/2021,04:37:08,13,moc,Outgoing,16504838989,14158887755,Completed Successfully,47387,7,,,,37.77728644,-122.4562649,3067 Turk Blvd,San Francisco,CA,94118,,,,,,,,,
08/28/2021,05:39:06,125,moc,Outgoing,16504838989,14158887755,Completed Successfully,40830,8,,,,37.77728644,-122.4562649,3067 Turk Blvd,San Francisco,CA,94118,,,,,,,,,
08/28/2021,05:41:28,509,moc,Outgoing,16504838989,14158887755,Completed Successfully,40830,9,,,,37.77728644,-122.4562649,3067 Turk Blvd,San Francisco,CA,94118,,,,,,,,,
08/28/2021,05:59:30,,moc,Outgoing,16504838989,14158887755,Abnormal Completion ,140267,62,,,,37.77728644,-122.4562649,3067 Turk Blvd,San Francisco,CA,94118,,,,,,,,,
08/28/2021,06:00:09,,moc,Outgoing,16504838989,14158887755,Abnormal Completion ,,,61763,32771,,,,,,,,,,,,,,,,
08/28/2021,06:01:10,180,mSOriginating,Outgoing,16504838989,15104443939,Completed Successfully,,,36488,32352,,37.77728644,-122.4562649,3067 Turk Blvd,San Francisco,CA,94118,,,,,,,,,
08/28/2021,06:04:47,,mSOriginating,Outgoing,16504838989,15104443939,Completed Successfully,,,36488,30553,,37.77728644,-122.4562649,3067 Turk Blvd,San Francisco,CA,94118,,,,,,,,,
08/28/2021,06:05:07,9,callForwarding,Outgoing,16504838989,15105558686,Completed Successfully,,,,,,,,,,,,,,,,,,,,
08/28/2021,06:05:16,38,mSOriginating,Outgoing,16504838989,15104443939,Completed Successfully,,,36488,30552,,37.77728644,-122.4562649,3067 Turk Blvd,San Francisco,CA,94118,,,,,,,,,
08/28/2021,06:05:18,,mtc,Incoming,16504838989,15105558686,Abnormal Completion ,40995,8,,,,37.77728644,-122.4562649,3067 Turk Blvd,San Francisco,CA,94118,,,,,,,,,
08/28/2021,06:05:46,,mSTerminating,Incoming,16504838989,15105558686,Abnormal Completion ,,,36488,30552,,37.77728644,-122.4562649,3067 Turk Blvd,San Francisco,CA,94118,,,,,,,,,
08/28/2021,06:06:03,4,mSOriginating,Outgoing,16504838989,15104443939,Completed Successfully,,,36488,30552,,37.77728644,-122.4562649,3067 Turk Blvd,San Francisco,CA,94118,,,,,,,,,
08/28/2021,06:06:26,3,mSOriginating,Outgoing,16504838989,15104443939,Completed Successfully,,,36488,30591,,37.77728644,-122.4562649,3067 Turk Blvd,San Francisco,CA,94118,,,,,,,,,
08/28/2021,06:06:38,549,mSTerminating,Incoming,16504838989,4016993195,Completed Successfully,,,36488,51001,,37.77728644,-122.4562649,3067 Turk Blvd,San Francisco,CA,94118,,,,,,,,,
08/28/2021,06:06:57,231,mSOriginating,Outgoing,16504838989,15104443939,Completed Successfully,,,36488,51001,,37.77728644,-122.4562649,3067 Turk Blvd,San Francisco,CA,94118,,,,,,,,,
08/28/2021,06:12:50,178,mSTerminating,Incoming,16504838989,15105558686,Completed Successfully,,,36488,30751,,37.77728644,-122.4562649,3067 Turk Blvd,San Francisco,CA,94118,,,,,,,,,
08/28/2021,06:16:28,,moc,Outgoing,16504838989,14158887755,Abnormal Completion ,45352,7,,,,37.77728644,-122.4562649,3067 Turk Blvd,San Francisco,CA,94118,,,,,,,,,
08/28/2021,06:16:31,,moc,Outgoing,16504838989,14158887755,Completed Successfully,45352,7,,,,37.77728644,-122.4562649,3067 Turk Blvd,San Francisco,CA,94118,,,,,,,,,
08/28/2021,06:16:56,,moc,Outgoing,16504838989,14158887755,Abnormal Completion ,45352,7,,,,37.77728644,-122.4562649,3067 Turk Blvd,San Francisco,CA,94118,,,,,,,,,
08/28/2021,06:17:46,,moc,Outgoing,16504838989,14158887755,Abnormal Completion ,45352,7,,,,37.77728644,-122.4562649,3067 Turk Blvd,San Francisco,CA,94118,,,,,,,,,
08/28/2021,06:18:42,172,mtc,Incoming,16504838989,15105558686,Completed Successfully,45352,7,,,,37.77728644,-122.4562649,3067 Turk Blvd,San Francisco,CA,94118,,,,,,,,,
08/28/2021,06:21:59,,moc,Outgoing,16504838989,14158887755,Abnormal Completion ,53267,9,,,,37.77748954,-122.4516938,35 Chabot Terrace,San Francisco,CA,94118,,,,,,,,,
08/28/2021,06:24:15,1,moc,Outgoing,16504838989,14158887755,Completed Successfully,127231,13,,,,37.77889859,-122.4405922,929 Broderick St,San Francisco,CA,94115,,,,,,,,,
08/28/2021,06:25:06,3,moc,Outgoing,16504838989,14158887755,Completed Successfully,127231,1,,,,37.77889859,-122.4405922,929 Broderick St,San Francisco,CA,94115,,,,,,,,,
08/28/2021,06:25:45,3,moc,Outgoing,16504838989,14158887755,Completed Successfully,127231,1,,,,37.77889859,-122.4405922,929 Broderick St,San Francisco,CA,94115,,,,,,,,,
08/28/2021,06:26:32,70,moc,Outgoing,16504838989,14158887755,Completed Successfully,48633,10,,,,37.77700753,-122.4266082,637 Laguna St,San Francisco,CA,94102,,,,,,,,,
08/28/2021,06:27:13,393,mtc,Incoming,16504838989,14151110505,Completed Successfully,48633,1,,,,37.77700753,-122.4266082,637 Laguna St,San Francisco,CA,94102,,,,,,,,,
08/28/2021,06:33:56,,moc,Outgoing,16504838989,14158887755,Abnormal Completion ,48396,1,,,,37.77427167,-122.4124998,248 9th St,San Francisco,CA,94103,,,,,,,,,
08/28/2021,06:34:00,4,mtc,Incoming,16504838989,14151110505,Completed Successfully,48396,1,,,,37.77427167,-122.4124998,248 9th St,San Francisco,CA,94103,,,,,,,,,
08/28/2021,06:34:00,4,moc,Outgoing,16504838989,14151110505,Completed Successfully,48396,1,,,,37.77427167,-122.4124998,248 9th St,San Francisco,CA,94103,,,,,,,,,
08/28/2021,06:34:46,4,mtc,Incoming,16504838989,14151110505,Completed Successfully,45269,3,,,,37.77427167,-122.4124998,248 9th St,San Francisco,CA,94103,,,,,,,,,
08/28/2021,06:34:46,4,moc,Outgoing,16504838989,14151110505,Completed Successfully,45269,3,,,,37.77427167,-122.4124998,248 9th St,San Francisco,CA,94103,,,,,,,,,
08/28/2021,06:34:46,,moc,Outgoing,16504838989,14158887755,Completed Successfully,45269,3,,,,37.77427167,-122.4124998,248 9th St,San Francisco,CA,94103,,,,,,,,,
08/28/2021,06:35:44,77,mtc,Incoming,16504838989,14151110505,Completed Successfully,45269,3,,,,37.77427167,-122.4124998,248 9th St,San Francisco,CA,94103,,,,,,,,,
08/28/2021,06:37:22,,moc,Outgoing,16504838989,14158887755,Abnormal Completion ,40846,2,,,,37.77208422,-122.4071441,500 8th St,San Francisco,CA,94103,,,,,,,,,
08/28/2021,06:38:53,1,moc,Outgoing,16504838989,14158887755,Completed Successfully,40846,1,,,,37.77208422,-122.4071441,500 8th St,San Francisco,CA,94103,,,,,,,,,
08/28/2021,06:39:09,5,mtc,Incoming,16504838989,14154448080,Completed Successfully,40846,1,,,,37.77208422,-122.4071441,500 8th St,San Francisco,CA,94103,,,,,,,,,
08/28/2021,06:39:09,5,moc,Outgoing,16504838989,14154448080,Completed Successfully,40846,1,,,,37.77208422,-122.4071441,500 8th St,San Francisco,CA,94103,,,,,,,,,
08/28/2021,06:41:02,4,mtc,Incoming,16504838989,14151110505,Completed Successfully,40994,1,,,,37.7777913,-122.4007043,708 Bryant St,San Francisco,CA,94107,,,,,,,,,
08/28/2021,06:41:33,4,moc,Outgoing,16504838989,14151110505,Completed Successfully,40994,1,,,,37.7777913,-122.4007043,708 Bryant St,San Francisco,CA,94107,,,,,,,,,
08/28/2021,06:43:50,5,mtc,Incoming,16504838989,14151110505,Completed Successfully,51737,2,,,,37.7777913,-122.4007043,708 Bryant St,San Francisco,CA,94107,,,,,,,,,
08/28/2021,06:44:21,5,moc,Outgoing,16504838989,14151110505,Completed Successfully,51737,2,,,,37.78288548,-122.3931486,534 2nd St,San Francisco,CA,94107,,,,,,,,,
08/28/2021,06:45:35,2,moc,Outgoing,16504838989,14158887755,Completed Successfully,41520,3,,,,37.78288548,-122.3931486,534 2nd St,San Francisco,CA,94107,,,,,,,,,
08/28/2021,06:46:14,492,moc,Outgoing,16504838989,14158887755,Completed Successfully,41520,3,,,,37.78288548,-122.3931486,534 2nd St,San Francisco,CA,94107,,,,,,,,,
08/28/2021,06:54:33,1,moc,Outgoing,16504838989,14158887755,Completed Successfully,40994,5,,,,37.81264643,-122.3634665,1 Whiting Way,San Francisco,CA,94130,,,,,,,,,
08/28/2021,06:55:11,,moc,Outgoing,16504838989,14158887755,Abnormal Completion ,,,61761,8194,,,,,,,,,,,,,,,,
08/28/2021,06:55:55,4,moc,Outgoing,16504838989,14158887755,Completed Successfully,40846,13,,,,37.81264643,-122.3634665,1 Whiting Way,San Francisco,CA,94130,,,,,,,,,
08/28/2021,06:56:03,3,moc,Outgoing,16504838989,14158887755,Completed Successfully,57640,7,,,,37.81264643,-122.3634665,1 Whiting Way,San Francisco,CA,94130,,,,,,,,,
08/28/2021,06:56:38,15,moc,Outgoing,16504838989,14158887755,Completed Successfully,45269,7,,,,37.81264643,-122.3634665,1 Whiting Way,San Francisco,CA,94130,,,,,,,,,
08/28/2021,06:57:01,185,moc,Outgoing,16504838989,14158887755,Completed Successfully,45269,9,,,,37.81264643,-122.3634665,1 Whiting Way,San Francisco,CA,94130,,,,,,,,,
08/28/2021,07:00:27,3,moc,Outgoing,16504838989,14158887755,Completed Successfully,,,61761,4097,,,,,,,,,,,,,,,,
08/28/2021,07:01:10,139,moc,Outgoing,16504838989,14158887755,Completed Successfully,,,61761,4097,,,,,,,,,,,,,,,,
08/28/2021,07:04:17,3,moc,Outgoing,16504838989,14158887755,Completed Successfully,40995,2,,,,37.82236812,-122.311518,201 Burma Rd,Oakland,CA,94607,,,,,,,,,
08/28/2021,07:05:03,,moc,Outgoing,16504838989,14158887755,Abnormal Completion ,58902,3,,,,37.82236812,-122.311518,201 Burma Rd,Oakland,CA,94607,,,,,,,,,
08/28/2021,07:05:10,,moc,Outgoing,16504838989,14158887755,Abnormal Completion ,58902,3,,,,37.82236812,-122.311518,201 Burma Rd,Oakland,CA,94607,,,,,,,,,
08/28/2021,07:06:00,31,moc,Outgoing,16504838989,14158887755,Completed Successfully,40957,2,,,,37.82577768,-122.285758,1464 34th St,Oakland,CA,94608,,,,,,,,,
08/28/2021,07:08:38,4,moc,Outgoing,16504838989,14158887755,Completed Successfully,40830,1,,,,37.8243364,-122.2636832,458 36th St,Oakland,CA,94609,,,,,,,,,
08/28/2021,07:08:54,3,moc,Outgoing,16504838989,14158887755,Completed Successfully,56683,3,,,,37.8243364,-122.2636832,458 36th St,Oakland,CA,94609,,,,,,,,,
08/28/2021,07:13:41,,moc,Outgoing,16504838989,14158887755,Abnormal Completion ,41005,1,,,,37.81882847,-122.2511403,22 Moss Ave,Oakland,CA,94610,,,,,,,,,
08/28/2021,07:17:14,3,moc,Outgoing,16504838989,14158887755,Completed Successfully,40830,2,,,,37.81882847,-122.2511403,22 Moss Ave,Oakland,CA,94610,,,,,,,,,
08/28/2021,07:17:55,13,moc,Outgoing,16504838989,14158887755,Completed Successfully,56683,3,,,,37.81882847,-122.2511403,22 Moss Ave,Oakland,CA,94610,,,,,,,,,
08/28/2021,07:18:30,,moc,Outgoing,16504838989,14158887755,Abnormal Completion ,40830,3,,,,37.81882847,-122.2511403,22 Moss Ave,Oakland,CA,94610,,,,,,,,,
08/28/2021,07:20:32,,moc,Outgoing,16504838989,14158887755,Abnormal Completion ,41001,3,,,,37.81882847,-122.2511403,22 Moss Ave,Oakland,CA,94610,,,,,,,,,
08/28/2021,07:21:21,3,moc,Outgoing,16504838989,14158887755,Completed Successfully,41001,2,,,,37.81882847,-122.2511403,22 Moss Ave,Oakland,CA,94610,,,,,,,,,
08/28/2021,07:36:14,,moc,Outgoing,16504838989,14158887755,Abnormal Completion ,126940,2,,,,37.81882847,-122.2511403,22 Moss Ave,Oakland,CA,94610,,,,,,,,,
08/28/2021,07:41:25,,SMSC,,16504838989,14158887755,Completed Successfully,,,,,,,,,,,,,,,,,,,,
08/28/2021,07:41:25,,SMSC,,16504838989,84399,Completed Successfully,,,,,,,,,,,,,,,,,,,,
08/28/2021,07:43:06,2590,mtc,Incoming,16504838989,14153336161,Completed Successfully,45352,1,,,,37.81882847,-122.2511403,22 Moss Ave,Oakland,CA,94610,,,,,,,,,
08/28/2021,07:53:28,82,mtc,Incoming,16504838989,14150001919,Completed Successfully,45352,1,,,,37.81882847,-122.2511403,22 Moss Ave,Oakland,CA,94610,,,,,,,,,
08/28/2021,08:13:30,6,mtc,Incoming,16504838989,14150001919,Completed Successfully,45352,1,,,,37.81882847,-122.2511403,22 Moss Ave,Oakland,CA,94610,,,,,,,,,
08/28/2021,08:14:01,6,moc,Outgoing,16504838989,14150001919,Completed Successfully,45352,1,,,,37.81882847,-122.2511403,22 Moss Ave,Oakland,CA,94610,,,,,,,,,
08/28/2021,08:23:11,182,mtc,Incoming,16504838989,15105558686,Completed Successfully,45352,1,,,,37.81882847,-122.2511403,22 Moss Ave,Oakland,CA,94610,,,,,,,,,
08/28/2021,08:27:28,1,moc,Outgoing,16504838989,14158887755,Completed Successfully,45352,1,,,,37.81882847,-122.2511403,22 Moss Ave,Oakland,CA,94610,,,,,,,,,
08/28/2021,08:34:53,6,mtc,Incoming,16504838989,15101112020,Completed Successfully,45352,1,,,,,,,,,,,,,,,,,,
08/28/2021,08:34:54,6,moc,Outgoing,16504838989,15101112020,Completed Successfully,45352,1,,,,,,,,,,,,,,,,,,
08/28/2021,08:37:51,,SMSC,,16504838989,14158887755,Completed Successfully,,,,,,,,,,,,,,,,,,,,
08/28/2021,08:37:52,,SMSC,,16504838989,128,Completed Successfully,,,,,,,,,,,,,,,,,,,,
08/28/2021,08:43:12,5,mtc,Incoming,16504838989,15101112020,Completed Successfully,45352,1,,,,,,,,,,,,,,,,,,
08/28/2021,08:43:13,5,moc,Outgoing,16504838989,15101112020,Completed Successfully,45352,1,,,,,,,,,,,,,,,,,,
08/28/2021,08:43:27,5,mtc,Incoming,16504838989,15101112020,Completed Successfully,45352,1,,,,,,,,,,,,,,,,,,
08/28/2021,08:43:28,5,moc,Outgoing,16504838989,15101112020,Completed Successfully,45352,1,,,,,,,,,,,,,,,,,,
08/28/2021,08:50:02,,SMSC,,16504838989,14158887755,Completed Successfully,,,,,,,,,,,,,,,,,,,,
08/28/2021,08:50:03,,SMSC,,16504838989,128,Completed Successfully,,,,,,,,,,,,,,,,,,,,
08/28/2021,08:54:01,,moc,Outgoing,16504838989,14158887755,Completed Successfully,56610,7,,,,37.81882847,-122.2511403,22 Moss Ave,Oakland,CA,94610,,,,,,,,,
08/28/2021,08:54:11,,moc,Outgoing,16504838989,14158887755,Abnormal Completion ,56610,7,,,,37.81882847,-122.2511403,22 Moss Ave,Oakland,CA,94610,,,,,,,,,
08/28/2021,08:54:13,5,mtc,Incoming,16504838989,15101112020,Completed Successfully,56610,7,,,,37.81882847,-122.2511403,22 Moss Ave,Oakland,CA,94610,,,,,,,,,
08/28/2021,08:54:13,5,moc,Outgoing,16504838989,15101112020,Completed Successfully,56610,7,,,,37.81882847,-122.2511403,22 Moss Ave,Oakland,CA,94610,,,,,,,,,
08/28/2021,08:54:42,,moc,Outgoing,16504838989,14158887755,Abnormal Completion ,48312,5,,,,37.81882847,-122.2511403,22 Moss Ave,Oakland,CA,94610,,,,,,,,,
08/28/2021,08:55:56,167,moc,Outgoing,16504838989,14158887755,Completed Successfully,,,61761,24577,,,,,,,,,,,,,,,,
08/28/2021,10:06:40,,SMSC,,16504838989,2300,Completed Successfully,,,,,,,,,,,,,,,,,,,,
08/28/2021,10:36:56,35,mtc,Incoming,16504838989,15105558686,Completed Successfully,45352,1,,,,37.81882847,-122.2511403,22 Moss Ave,Oakland,CA,94610,,,,,,,,,
08/28/2021,10:38:04,40,moc,Outgoing,16504838989,14158887755,Completed Successfully,45352,1,,,,37.81882847,-122.2511403,22 Moss Ave,Oakland,CA,94610,,,,,,,,,
08/28/2021,10:40:45,4,moc,Outgoing,16504838989,14158887755,Completed Successfully,45352,1,,,,37.81882847,-122.2511403,22 Moss Ave,Oakland,CA,94610,,,,,,,,,
08/28/2021,10:41:07,53,moc,Outgoing,16504838989,14158887755,Completed Successfully,45352,1,,,,37.81882847,-122.2511403,22 Moss Ave,Oakland,CA,94610,,,,,,,,,
08/28/2021,10:44:02,79,moc,Outgoing,16504838989,14158887755,Completed Successfully,45352,1,,,,37.81882847,-122.2511403,22 Moss Ave,Oakland,CA,94610,,,,,,,,,
08/28/2021,10:45:50,12,moc,Outgoing,16504838989,14158887755,Completed Successfully,45352,1,,,,37.81882847,-122.2511403,22 Moss Ave,Oakland,CA,94610,,,,,,,,,
08/28/2021,10:46:25,,mtc,Incoming,16504838989,14153336161,Abnormal Completion ,45352,1,,,,37.81882847,-122.2511403,22 Moss Ave,Oakland,CA,94610,,,,,,,,,
08/28/2021,10:55:59,2,moc,Outgoing,16504838989,14158887755,Completed Successfully,45352,1,,,,37.81882847,-122.2511403,22 Moss Ave,Oakland,CA,94610,,,,,,,,,
08/28/2021,10:56:35,455,mtc,Incoming,16504838989,14153336161,Completed Successfully,45352,1,,,,37.81882847,-122.2511403,22 Moss Ave,Oakland,CA,94610,,,,,,,,,
08/28/2021,11:04:19,104,moc,Outgoing,16504838989,14158887755,Completed Successfully,45352,1,,,,37.81882847,-122.2511403,22 Moss Ave,Oakland,CA,94610,,,,,,,,,
08/28/2021,11:07:40,2,moc,Outgoing,16504838989,14158887755,Completed Successfully,45352,1,,,,37.81882847,-122.2511403,22 Moss Ave,Oakland,CA,94610,,,,,,,,,
08/28/2021,11:08:44,434,mtc,Incoming,16504838989,14151110505,Completed Successfully,45352,1,,,,37.81882847,-122.2511403,22 Moss Ave,Oakland,CA,94610,,,,,,,,,
08/28/2021,11:09:41,33,mtc,Incoming,16504838989,16502221313,Completed Successfully,45352,1,,,,37.81882847,-122.2511403,22 Moss Ave,Oakland,CA,94610,,,,,,,,,
08/28/2021,11:21:30,12,mtc,Incoming,16504838989,14151110505,Completed Successfully,45352,1,,,,37.81882847,-122.2511403,22 Moss Ave,Oakland,CA,94610,,,,,,,,,
08/28/2021,11:35:41,335,mtc,Incoming,16504838989,16506669898,Completed Successfully,45352,1,,,,37.81882847,-122.2511403,22 Moss Ave,Oakland,CA,94610,,,,,,,,,
08/28/2021,11:41:47,304,moc,Outgoing,16504838989,14158887755,Completed Successfully,45352,1,,,,37.81882847,-122.2511403,22 Moss Ave,Oakland,CA,94610,,,,,,,,,
08/28/2021,11:56:26,,SMSC,,16504838989,2300,Completed Successfully,,,,,,,,,,,,,,,,,,,,
08/28/2021,12:12:44,3,mtc,Incoming,16504838989,14151110505,Completed Successfully,45352,1,,,,37.83638031,-122.262186,4930 Telegraph Ave,Oakland,CA,94609,,,,,,,,,
08/28/2021,12:13:15,3,moc,Outgoing,16504838989,14151110505,Completed Successfully,45352,1,,,,37.83638031,-122.262186,4930 Telegraph Ave,Oakland,CA,94609,,,,,,,,,
08/28/2021,12:13:23,186,moc,Outgoing,16504838989,14158887755,Completed Successfully,45352,1,,,,37.83638031,-122.262186,4930 Telegraph Ave,Oakland,CA,94609,,,,,,,,,
08/28/2021,12:21:40,3,mtc,Incoming,16504838989,16507774141,Completed Successfully,45352,1,,,,37.83638031,-122.262186,4930 Telegraph Ave,Oakland,CA,94609,,,,,,,,,
08/28/2021,12:21:52,3,moc,Outgoing,16504838989,16507774141,Completed Successfully,45352,1,,,,37.83638031,-122.262186,4930 Telegraph Ave,Oakland,CA,94609,,,,,,,,,
08/28/2021,12:24:37,109,moc,Outgoing,16504838989,14158887755,Completed Successfully,45352,1,,,,37.83638031,-122.262186,4930 Telegraph Ave,Oakland,CA,94609,,,,,,,,,
08/28/2021,12:27:11,349,moc,Outgoing,16504838989,14158887755,Completed Successfully,45352,1,,,,37.83638031,-122.262186,4930 Telegraph Ave,Oakland,CA,94609,,,,,,,,,
08/28/2021,12:28:30,4,mtc,Incoming,16504838989,14151112255,Completed Successfully,45352,1,,,,37.83638031,-122.262186,4930 Telegraph Ave,Oakland,CA,94609,,,,,,,,,
08/28/2021,12:29:00,4,moc,Outgoing,16504838989,14151112255,Completed Successfully,45352,1,,,,37.83638031,-122.262186,4930 Telegraph Ave,Oakland,CA,94609,,,,,,,,,
08/28/2021,12:33:32,98,moc,Outgoing,16504838989,14158887755,Completed Successfully,45352,1,,,,37.83638031,-122.262186,4930 Telegraph Ave,Oakland,CA,94609,,,,,,,,,
08/28/2021,12:36:39,591,moc,Outgoing,16504838989,14158887755,Completed Successfully,45352,1,,,,37.83638031,-122.262186,4930 Telegraph Ave,Oakland,CA,94609,,,,,,,,,
08/28/2021,12:45:48,,mtc,Incoming,16504838989,14156969696,Abnormal Completion ,45352,1,,,,37.83638031,-122.262186,4930 Telegraph Ave,Oakland,CA,94609,,,,,,,,,
08/28/2021,12:48:29,83,mtc,Incoming,16504838989,14151110505,Completed Successfully,45352,1,,,,37.83638031,-122.262186,4930 Telegraph Ave,Oakland,CA,94609,,,,,,,,,
08/28/2021,12:49:57,12,mtc,Incoming,16504838989,15105558686,Completed Successfully,45352,1,,,,37.83638031,-122.262186,4930 Telegraph Ave,Oakland,CA,94609,,,,,,,,,
08/28/2021,12:50:15,229,moc,Outgoing,16504838989,14158887755,Completed Successfully,45352,1,,,,37.83638031,-122.262186,4930 Telegraph Ave,Oakland,CA,94609,,,,,,,,,
08/28/2021,12:57:00,5,mtc,Incoming,16504838989,14153336161,Completed Successfully,45352,1,,,,37.83638031,-122.262186,4930 Telegraph Ave,Oakland,CA,94609,,,,,,,,,
08/28/2021,12:57:03,5,moc,Outgoing,16504838989,14153336161,Completed Successfully,45352,1,,,,37.83638031,-122.262186,4930 Telegraph Ave,Oakland,CA,94609,,,,,,,,,
08/28/2021,12:57:07,50,mtc,Incoming,16504838989,16505551212,Completed Successfully,45352,1,,,,37.83638031,-122.262186,4930 Telegraph Ave,Oakland,CA,94609,,,,,,,,,
08/28/2021,12:58:08,178,moc,Outgoing,16504838989,14158887755,Completed Successfully,45352,1,,,,37.83638031,-122.262186,4930 Telegraph Ave,Oakland,CA,94609,,,,,,,,,
08/28/2021,12:58:52,,mtc,Incoming,16504838989,16505551212,Abnormal Completion ,45352,1,,,,37.83638031,-122.262186,4930 Telegraph Ave,Oakland,CA,94609,,,,,,,,,
08/28/2021,13:01:00,4,mtc,Incoming,16504838989,16509998585,Completed Successfully,45352,1,,,,37.83638031,-122.262186,4930 Telegraph Ave,Oakland,CA,94609,,,,,,,,,
08/28/2021,13:01:12,4,moc,Outgoing,16504838989,16509998585,Completed Successfully,45352,1,,,,37.83638031,-122.262186,4930 Telegraph Ave,Oakland,CA,94609,,,,,,,,,
08/28/2021,13:02:37,5,mtc,Incoming,16504838989,14157770101,Completed Successfully,45352,1,,,,37.83638031,-122.262186,4930 Telegraph Ave,Oakland,CA,94609,,,,,,,,,
08/28/2021,13:02:38,5,moc,Outgoing,16504838989,14157770101,Completed Successfully,45352,1,,,,37.83638031,-122.262186,4930 Telegraph Ave,Oakland,CA,94609,,,,,,,,,
08/28/2021,13:18:58,1,moc,Outgoing,16504838989,14158887755,Completed Successfully,45352,1,,,,37.83638031,-122.262186,4930 Telegraph Ave,Oakland,CA,94609,,,,,,,,,
08/28/2021,13:20:27,24,mtc,Incoming,16504838989,14156565656,Completed Successfully,45352,1,,,,37.83638031,-122.262186,4930 Telegraph Ave,Oakland,CA,94609,,,,,,,,,
08/28/2021,13:23:16,,moc,Outgoing,16504838989,14158887755,Completed Successfully,45352,1,,,,37.83638031,-122.262186,4930 Telegraph Ave,Oakland,CA,94609,,,,,,,,,
08/28/2021,13:27:23,,moc,Outgoing,16504838989,14158887755,Abnormal Completion ,45352,1,,,,37.83638031,-122.262186,4930 Telegraph Ave,Oakland,CA,94609,,,,,,,,,
08/28/2021,13:29:06,573,mtc,Incoming,16504838989,14151110505,Completed Successfully,45352,1,,,,37.83638031,-122.262186,4930 Telegraph Ave,Oakland,CA,94609,,,,,,,,,
08/28/2021,13:45:25,,mtc,Incoming,16504838989,16506669898,Abnormal Completion ,45352,1,,,,37.83638031,-122.262186,4930 Telegraph Ave,Oakland,CA,94609,,,,,,,,,
08/28/2021,13:46:39,258,mtc,Incoming,16504838989,14151110505,Completed Successfully,45352,1,,,,37.83638031,-122.262186,4930 Telegraph Ave,Oakland,CA,94609,,,,,,,,,
08/28/2021,13:49:16,,SMSC,,16504838989,2300,Completed Successfully,,,,,,,,,,,,,,,,,,,,
08/28/2021,13:52:50,,moc,Outgoing,16504838989,14158887755,Completed Successfully,45352,1,,,,37.83638031,-122.262186,4930 Telegraph Ave,Oakland,CA,94609,,,,,,,,,
08/28/2021,13:54:56,3,moc,Outgoing,16504838989,14158887755,Completed Successfully,45352,1,,,,37.83638031,-122.262186,4930 Telegraph Ave,Oakland,CA,94609,,,,,,,,,
08/28/2021,13:56:30,4,mtc,Incoming,16504838989,14152323232,Completed Successfully,45352,1,,,,37.83638031,-122.262186,4930 Telegraph Ave,Oakland,CA,94609,,,,,,,,,
08/28/2021,13:56:50,4,moc,Outgoing,16504838989,14152323232,Completed Successfully,45352,1,,,,37.83638031,-122.262186,4930 Telegraph Ave,Oakland,CA,94609,,,,,,,,,
08/28/2021,13:58:29,55,moc,Outgoing,16504838989,14158887755,Completed Successfully,45352,1,,,,37.83638031,-122.262186,4930 Telegraph Ave,Oakland,CA,94609,,,,,,,,,
08/28/2021,14:00:07,,SMSC,,16504838989,14158887755,Completed Successfully,,,,,,,,,,,,,,,,,,,,
08/28/2021,14:00:44,4,moc,Outgoing,16504838989,14158887755,Completed Successfully,45352,1,,,,37.83638031,-122.262186,4930 Telegraph Ave,Oakland,CA,94609,,,,,,,,,
08/28/2021,14:06:57,4,mtc,Incoming,16504838989,14151110505,Completed Successfully,45352,1,,,,37.83638031,-122.262186,4930 Telegraph Ave,Oakland,CA,94609,,,,,,,,,
08/28/2021,14:07:28,4,moc,Outgoing,16504838989,14151110505,Completed Successfully,45352,1,,,,37.83638031,-122.262186,4930 Telegraph Ave,Oakland,CA,94609,,,,,,,,,
08/28/2021,14:09:38,,mtc,Incoming,16504838989,14156969696,Abnormal Completion ,45352,1,,,,37.83638031,-122.262186,4930 Telegraph Ave,Oakland,CA,94609,,,,,,,,,
08/28/2021,14:10:14,,mtc,Incoming,16504838989,14156969696,Abnormal Completion ,45352,1,,,,37.83638031,-122.262186,4930 Telegraph Ave,Oakland,CA,94609,,,,,,,,,
08/28/2021,14:18:47,,SMSC,,16504838989,2300,Completed Successfully,,,,,,,,,,,,,,,,,,,,
08/28/2021,14:20:02,5,mtc,Incoming,16504838989,14151110505,Completed Successfully,45352,1,,,,37.82856934,-122.2844488,3838 Hollis St,Emeryville,CA,94608,,,,,,,,,
08/28/2021,14:20:32,5,moc,Outgoing,16504838989,14151110505,Completed Successfully,45352,1,,,,37.82856934,-122.2844488,3838 Hollis St,Emeryville,CA,94608,,,,,,,,,
08/28/2021,14:24:09,4,mtc,Incoming,16504838989,14151110505,Completed Successfully,45352,1,,,,37.82856934,-122.2844488,3838 Hollis St,Emeryville,CA,94608,,,,,,,,,
08/28/2021,14:24:41,4,moc,Outgoing,16504838989,14151110505,Completed Successfully,45352,1,,,,37.82856934,-122.2844488,3838 Hollis St,Emeryville,CA,94608,,,,,,,,,
08/28/2021,14:25:02,76,moc,Outgoing,16504838989,14158887755,Completed Successfully,45352,1,,,,37.82856934,-122.2844488,3838 Hollis St,Emeryville,CA,94608,,,,,,,,,
08/28/2021,14:26:03,6,mtc,Incoming,16504838989,14157770101,Completed Successfully,45352,1,,,,37.82856934,-122.2844488,3838 Hollis St,Emeryville,CA,94608,,,,,,,,,
08/28/2021,14:26:03,6,moc,Outgoing,16504838989,14157770101,Completed Successfully,45352,1,,,,37.82856934,-122.2844488,3838 Hollis St,Emeryville,CA,94608,,,,,,,,,
08/28/2021,14:27:57,5,mtc,Incoming,16504838989,14152121212,Completed Successfully,45352,1,,,,37.82856934,-122.2844488,3838 Hollis St,Emeryville,CA,94608,,,,,,,,,
08/28/2021,14:28:30,5,moc,Outgoing,16504838989,14152121212,Completed Successfully,45352,1,,,,37.82856934,-122.2844488,3838 Hollis St,Emeryville,CA,94608,,,,,,,,,
08/28/2021,14:35:12,,SMSC,,16504838989,16504441111,Completed Successfully,,,,,,,,,,,,,,,,,,,,
08/28/2021,14:36:44,4,mtc,Incoming,16504838989,16505551212,Completed Successfully,45352,1,,,,37.82856934,-122.2844488,3838 Hollis St,Emeryville,CA,94608,,,,,,,,,
08/28/2021,14:37:16,4,moc,Outgoing,16504838989,16505551212,Completed Successfully,45352,1,,,,37.82856934,-122.2844488,3838 Hollis St,Emeryville,CA,94608,,,,,,,,,
08/28/2021,14:40:16,,mtc,Incoming,16504838989,16505551212,Abnormal Completion ,45352,1,,,,37.82856934,-122.2844488,3838 Hollis St,Emeryville,CA,94608,,,,,,,,,
08/28/2021,14:40:57,1,moc,Outgoing,16504838989,14158887755,Completed Successfully,45352,1,,,,37.82856934,-122.2844488,3838 Hollis St,Emeryville,CA,94608,,,,,,,,,
08/28/2021,14:43:32,4,mtc,Incoming,16504838989,16503232888,Completed Successfully,45352,1,,,,37.82856934,-122.2844488,3838 Hollis St,Emeryville,CA,94608,,,,,,,,,
08/28/2021,14:44:04,4,moc,Outgoing,16504838989,16503232888,Completed Successfully,45352,1,,,,37.82856934,-122.2844488,3838 Hollis St,Emeryville,CA,94608,,,,,,,,,
08/28/2021,14:51:32,26,moc,Outgoing,16504838989,14158887755,Completed Successfully,45352,1,,,,37.82856934,-122.2844488,3838 Hollis St,Emeryville,CA,94608,,,,,,,,,
08/28/2021,14:54:05,38,moc,Outgoing,16504838989,14158887755,Completed Successfully,45352,1,,,,37.82856934,-122.2844488,3838 Hollis St,Emeryville,CA,94608,,,,,,,,,
08/28/2021,14:54:56,,moc,Outgoing,16504838989,14158887755,Abnormal Completion ,45352,1,,,,37.82856934,-122.2844488,3838 Hollis St,Emeryville,CA,94608,,,,,,,,,
08/28/2021,14:57:22,3,moc,Outgoing,16504838989,14158887755,Completed Successfully,45352,1,,,,37.82856934,-122.2844488,3838 Hollis St,Emeryville,CA,94608,,,,,,,,,
08/28/2021,14:57:24,1,mtc,Incoming,16504838989,16508885151,Completed Successfully,45352,1,,,,37.82856934,-122.2844488,3838 Hollis St,Emeryville,CA,94608,,,,,,,,,
08/28/2021,14:57:24,1,moc,Outgoing,16504838989,16508885151,Completed Successfully,45352,1,,,,37.82856934,-122.2844488,3838 Hollis St,Emeryville,CA,94608,,,,,,,,,
08/28/2021,15:05:06,146,moc,Outgoing,16504838989,14158887755,Completed Successfully,126940,2,,,,37.82856934,-122.2844488,3838 Hollis St,Emeryville,CA,94608,,,,,,,,,
08/28/2021,15:07:57,41,mtc,Incoming,16504838989,16505551212,Completed Successfully,40995,8,,,,37.82856934,-122.2844488,3838 Hollis St,Emeryville,CA,94608,,,,,,,,,
08/28/2021,16:23:06,6,mtc,Incoming,16504838989,15108884646,Completed Successfully,53897,3,,,,,,,,,,,,,,,,,,
08/28/2021,16:23:06,6,moc,Outgoing,16504838989,15108884646,Completed Successfully,53897,3,,,,,,,,,,,,,,,,,,
08/28/2021,16:23:23,5,mtc,Incoming,16504838989,15108884646,Completed Successfully,53897,3,,,,,,,,,,,,,,,,,,
08/28/2021,16:23:23,5,moc,Outgoing,16504838989,15108884646,Completed Successfully,53897,3,,,,,,,,,,,,,,,,,,
08/28/2021,16:29:58,,SMSC,,16504838989,14158887755,Completed Successfully,,,,,,,,,,,,,,,,,,,,
08/28/2021,16:29:58,60,mSOriginatingSMSinMSC,Outgoing,16504838989,14158887755,Completed Successfully,43005,2,,,,37.82302508,-122.3147806,210 Burma Rd,Oakland,CA,94607,,,,,,,,,
08/28/2021,16:29:59,,SMSC,,16504838989,128,Completed Successfully,,,,,,,,,,,,,,,,,,,,
08/28/2021,16:29:59,60,mSTerminatingSMSinMSC,Incoming,16504838989,128,Completed Successfully,43005,2,,,,37.82302508,-122.3147806,210 Burma Rd,Oakland,CA,94607,,,,,,,,,
08/28/2021,16:32:10,1,moc,Outgoing,16504838989,14158887755,Completed Successfully,,,61762,3,,,,,,,,,,,,,,,,
08/28/2021,16:33:54,402,mtc,Incoming,16504838989,14157774455,Completed Successfully,891065,63,,,,37.81264643,-122.3634665,1 Whiting Way,San Francisco,CA,94130,,,,,,,,,
08/28/2021,17:29:34,233,mtc,Incoming,16504838989,14152121212,Completed Successfully,47078,1,,,,37.75143534,-122.4164762,1358 S Van Ness Ave,San Francisco,CA,94110,,,,,,,,,
08/28/2021,17:30:08,304,mtc,Incoming,16504838989,16502626262,Completed Successfully,47089,4,,,,37.75143534,-122.4164762,1358 S Van Ness Ave,San Francisco,CA,94110,,,,,,,,,
08/28/2021,17:37:11,284,mtc,Incoming,16504838989,14152323232,Completed Successfully,132933,62,,,,37.75143534,-122.4164762,1358 S Van Ness Ave,San Francisco,CA,94110,,,,,,,,,
08/28/2021,17:38:20,6,mtc,Incoming,16504838989,14157770101,Completed Successfully,47089,4,,,,37.75143534,-122.4164762,1358 S Van Ness Ave,San Francisco,CA,94110,,,,,,,,,
08/28/2021,17:38:20,6,moc,Outgoing,16504838989,14157770101,Completed Successfully,47089,4,,,,37.75143534,-122.4164762,1358 S Van Ness Ave,San Francisco,CA,94110,,,,,,,,,
08/28/2021,17:40:15,32,mtc,Incoming,16504838989,16501561561,Completed Successfully,47078,1,,,,37.75143534,-122.4164762,1358 S Van Ness Ave,San Francisco,CA,94110,,,,,,,,,
08/28/2021,17:40:45,32,moc,Outgoing,16504838989,16501561561,Completed Successfully,47078,1,,,,37.75143534,-122.4164762,1358 S Van Ness Ave,San Francisco,CA,94110,,,,,,,,,
08/28/2021,17:41:20,,SMSC,,16504838989,128,Completed Successfully,,,,,,,,,,,,,,,,,,,,
08/28/2021,17:41:21,,SMSC,,16504838989,128,Completed Successfully,,,,,,,,,,,,,,,,,,,,
08/28/2021,17:54:10,,moc,Outgoing,16504838989,14158887755,Completed Successfully,47204,4,,,,37.75143534,-122.4164762,1358 S Van Ness Ave,San Francisco,CA,94110,,,,,,,,,
08/28/2021,17:55:27,61,moc,Outgoing,16504838989,14158887755,Completed Successfully,47204,7,,,,37.75143534,-122.4164762,1358 S Van Ness Ave,San Francisco,CA,94110,,,,,,,,,
08/28/2021,18:08:26,77,mtc,Incoming,16504838989,14159879879,Completed Successfully,47204,4,,,,37.75143534,-122.4164762,1358 S Van Ness Ave,San Francisco,CA,94110,,,,,,,,,
08/28/2021,18:40:38,5,moc,Outgoing,16504838989,14151110505,Completed Successfully,,,,,,,,,,,,,,,,,,,,
08/28/2021,18:44:34,4,moc,Outgoing,16504838989,14151110505,Completed Successfully,,,,,,,,,,,,,,,,,,,,
08/28/2021,18:54:41,4,moc,Outgoing,16504838989,16504441111,Completed Successfully,,,,,,,,,,,,,,,,,,,,
08/28/2021,19:04:19,,SMSC,,16504838989,14158887755,Completed Successfully,,,,,,,,,,,,,,,,,,,,
08/28/2021,19:04:20,,SMSC,,16504838989,128,Completed Successfully,,,,,,,,,,,,,,,,,,,,
08/28/2021,19:04:20,60,mSTerminatingSMSinMSC,Incoming,16504838989,128,Completed Successfully,47204,1,,,,37.75143534,-122.4164762,1358 S Van Ness Ave,San Francisco,CA,94110,,,,,,,,,
08/28/2021,19:04:20,60,mSOriginatingSMSinMSC,Outgoing,16504838989,14158887755,Completed Successfully,47204,1,,,,37.75143534,-122.4164762,1358 S Van Ness Ave,San Francisco,CA,94110,,,,,,,,,
08/28/2021,19:04:43,206,mtc,Incoming,16504838989,14151110505,Completed Successfully,47204,1,,,,37.75143534,-122.4164762,1358 S Van Ness Ave,San Francisco,CA,94110,,,,,,,,,
08/28/2021,19:27:15,322,moc,Outgoing,16504838989,14158887755,Completed Successfully,,,61761,28674,,,,,,,,,,,,,,,,
08/28/2021,19:33:37,144,moc,Outgoing,16504838989,14158887755,Completed Successfully,47204,4,,,,37.75143534,-122.4164762,1358 S Van Ness Ave,San Francisco,CA,94110,,,,,,,,,
08/28/2021,19:37:32,430,moc,Outgoing,16504838989,14158887755,Completed Successfully,47204,4,,,,37.75143534,-122.4164762,1358 S Van Ness Ave,San Francisco,CA,94110,,,,,,,,,
08/28/2021,19:49:34,,moc,Outgoing,16504838989,14158887755,Completed Successfully,47204,4,,,,37.75143534,-122.4164762,1358 S Van Ness Ave,San Francisco,CA,94110,,,,,,,,,
08/28/2021,19:50:29,,moc,Outgoing,16504838989,14158887755,Completed Successfully,47204,4,,,,37.75143534,-122.4164762,1358 S Van Ness Ave,San Francisco,CA,94110,,,,,,,,,
08/28/2021,20:08:57,62,moc,Outgoing,16504838989,14158887755,Completed Successfully,47204,1,,,,37.75143534,-122.4164762,1358 S Van Ness Ave,San Francisco,CA,94110,,,,,,,,,
08/28/2021,22:23:27,1,moc,Outgoing,16504838989,14158887755,Completed Successfully,47204,4,,,,37.77728644,-122.4562649,3067 Turk Blvd,San Francisco,CA,94118,,,,,,,,,
08/28/2021,22:26:15,1,moc,Outgoing,16504838989,14158887755,Completed Successfully,47204,4,,,,37.77728644,-122.4562649,3067 Turk Blvd,San Francisco,CA,94118,,,,,,,,,
08/28/2021,22:35:03,4,mtc,Incoming,16504838989,14151112255,Completed Successfully,47204,1,,,,37.77728644,-122.4562649,3067 Turk Blvd,San Francisco,CA,94118,,,,,,,,,
08/28/2021,22:35:36,4,moc,Outgoing,16504838989,14151112255,Completed Successfully,47204,1,,,,37.77728644,-122.4562649,3067 Turk Blvd,San Francisco,CA,94118,,,,,,,,,
08/28/2021,22:46:47,216,mtc,Incoming,16504838989,16502626262,Completed Successfully,47204,1,,,,37.77728644,-122.4562649,3067 Turk Blvd,San Francisco,CA,94118,,,,,,,,,
08/28/2021,22:47:49,181,mtc,Incoming,16504838989,14157774455,Completed Successfully,47204,4,,,,37.77728644,-122.4562649,3067 Turk Blvd,San Francisco,CA,94118,,,,,,,,,
08/28/2021,23:10:34,194,moc,Outgoing,16504838989,14158887755,Completed Successfully,47204,1,,,,37.77728644,-122.4562649,3067 Turk Blvd,San Francisco,CA,94118,,,,,,,,,
08/28/2021,23:14:28,144,moc,Outgoing,16504838989,14158887755,Completed Successfully,47204,4,,,,37.77728644,-122.4562649,3067 Turk Blvd,San Francisco,CA,94118,,,,,,,,,
08/28/2021,23:47:00,,SMSC,,16504838989,2300,Completed Successfully,,,,,,,,,,,,,,,,,,,,
08/29/2021,00:01:16,,SMSC,,16504838989,2300,Completed Successfully,,,,,,,,,,,,,,,,,,,,
08/29/2021,00:01:48,160,mtc,Incoming,16504838989,15103863863,Completed Successfully,47204,1,,,,37.77728644,-122.4562649,3067 Turk Blvd,San Francisco,CA,94118,,,,,,,,,
08/29/2021,00:02:25,,SMSC,,16504838989,2300,Completed Successfully,,,,,,,,,,,,,,,,,,,,
08/29/2021,00:12:07,73,mtc,Incoming,16504838989,14151110505,Completed Successfully,47204,1,,,,37.77728644,-122.4562649,3067 Turk Blvd,San Francisco,CA,94118,,,,,,,,,
08/29/2021,02:03:26,38,mtc,Incoming,16504838989,14157774455,Completed Successfully,47204,4,,,,37.77728644,-122.4562649,3067 Turk Blvd,San Francisco,CA,94118,,,,,,,,,
08/29/2021,07:38:37,,SMSC,,16504838989,14158887755,Completed Successfully,,,,,,,,,,,,,,,,,,,,
08/29/2021,07:38:37,,SMSC,,16504838989,84399,Completed Successfully,,,,,,,,,,,,,,,,,,,,
08/29/2021,11:20:29,,SMSC,,16504838989,14158887755,Completed Successfully,,,,,,,,,,,,,,,,,,,,
08/29/2021,11:20:29,,SMSC,,16504838989,70824,Completed Successfully,,,,,,,,,,,,,,,,,,,,
08/29/2021,14:18:59,70,mtc,Incoming,16504838989,15106156156,Completed Successfully,47204,1,,,,37.75271086,-122.4439334,900 Corbett Ave,San Francisco,CA,94131,,,,,,,,,
08/29/2021,14:19:53,,SMSC,,16504838989,56457,Completed Successfully,,,,,,,,,,,,,,,,,,,,
08/29/2021,14:47:19,842,mtc,Incoming,16504838989,14157774455,Completed Successfully,47204,4,,,,37.75271086,-122.4439334,900 Corbett Ave,San Francisco,CA,94131,,,,,,,,,
08/29/2021,15:48:39,478,mtc,Incoming,16504838989,14157774455,Completed Successfully,47204,1,,,,37.75125002,-122.4332503,4063 24th St,San Francisco,CA,94114,,,,,,,,,
08/29/2021,15:56:07,,mtc,Incoming,16504838989,14151110505,Abnormal Completion ,47204,4,,,,37.75125002,-122.4332503,4063 24th St,San Francisco,CA,94114,,,,,,,,,
08/29/2021,15:57:59,77,mtc,Incoming,16504838989,16505551212,Completed Successfully,47204,1,,,,37.75125002,-122.4332503,4063 24th St,San Francisco,CA,94114,,,,,,,,,
08/29/2021,16:00:42,290,mtc,Incoming,16504838989,16505551212,Completed Successfully,47204,4,,,,37.75125002,-122.4332503,4063 24th St,San Francisco,CA,94114,,,,,,,,,
08/29/2021,16:10:21,180,mtc,Incoming,16504838989,16505551212,Completed Successfully,47204,4,,,,37.75125002,-122.4332503,4063 24th St,San Francisco,CA,94114,,,,,,,,,
08/29/2021,16:14:29,5,mtc,Incoming,16504838989,16505551212,Completed Successfully,47204,4,,,,,,,,,,,,,,,,,,
08/29/2021,16:14:30,5,moc,Outgoing,16504838989,16505551212,Completed Successfully,47204,4,,,,,,,,,,,,,,,,,,
08/29/2021,16:14:40,9,mtc,Incoming,16504838989,16505551212,Completed Successfully,47204,4,,,,,,,,,,,,,,,,,,
08/29/2021,16:14:40,9,moc,Outgoing,16504838989,16505551212,Completed Successfully,47204,4,,,,,,,,,,,,,,,,,,
08/29/2021,16:14:56,5,mtc,Incoming,16504838989,16505551212,Completed Successfully,47204,4,,,,,,,,,,,,,,,,,,
08/29/2021,16:14:56,5,moc,Outgoing,16504838989,16505551212,Completed Successfully,47204,4,,,,,,,,,,,,,,,,,,
08/29/2021,16:15:12,6,mtc,Incoming,16504838989,16505551212,Completed Successfully,47204,4,,,,,,,,,,,,,,,,,,
08/29/2021,16:15:12,6,moc,Outgoing,16504838989,16505551212,Completed Successfully,47204,4,,,,,,,,,,,,,,,,,,
08/29/2021,16:16:08,5,mtc,Incoming,16504838989,16505551212,Completed Successfully,47204,4,,,,,,,,,,,,,,,,,,
08/29/2021,16:16:09,5,moc,Outgoing,16504838989,16505551212,Completed Successfully,47204,4,,,,,,,,,,,,,,,,,,
08/29/2021,16:20:30,,SMSC,,16504838989,16505551212,Completed Successfully,,,,,,,,,,,,,,,,,,,,
08/29/2021,16:20:46,,SMSC,,16504838989,16505551212,Completed Successfully,,,,,,,,,,,,,,,,,,,,
08/29/2021,16:23:14,,SMSC,,16504838989,14156969696,Completed Successfully,,,,,,,,,,,,,,,,,,,,
08/29/2021,16:23:15,,SMSC,,16504838989,14156969696,Completed Successfully,,,,,,,,,,,,,,,,,,,,
08/29/2021,16:24:44,,SMSC,,16504838989,14156969696,Completed Successfully,,,,,,,,,,,,,,,,,,,,
08/29/2021,16:34:58,60,mSTerminatingSMSinMSC,Incoming,16504838989,16505551212,Completed Successfully,139700,63,,,,37.75125002,-122.4332503,4063 24th St,San Francisco,CA,94114,,,,,,,,,
08/29/2021,16:40:41,,SMSC,,16504838989,14158887755,Completed Successfully,,,,,,,,,,,,,,,,,,,,
08/29/2021,16:40:42,,SMSC,,16504838989,128,Completed Successfully,,,,,,,,,,,,,,,,,,,,
08/29/2021,16:49:31,,SMSC,,16504838989,14152852852,Completed Successfully,,,,,,,,,,,,,,,,,,,,
08/29/2021,16:49:55,,SMSC,,16504838989,14152852852,Completed Successfully,,,,,,,,,,,,,,,,,,,,
08/29/2021,18:11:37,,SMSC,,16504838989,14158887755,Completed Successfully,,,,,,,,,,,,,,,,,,,,
08/29/2021,18:11:37,,SMSC,,16504838989,50472,Completed Successfully,,,,,,,,,,,,,,,,,,,,
08/29/2021,19:06:24,18,mtc,Incoming,16504838989,15109489489,Completed Successfully,146900,63,,,,37.75143534,-122.4164762,1358 S Van Ness Ave,San Francisco,CA,94110,,,,,,,,,
08/29/2021,19:50:42,5,mtc,Incoming,16504838989,15104864864,Completed Successfully,41009,3,,,,37.75143534,-122.4164762,1358 S Van Ness Ave,San Francisco,CA,94110,,,,,,,,,
08/29/2021,19:50:59,5,moc,Outgoing,16504838989,15104864864,Completed Successfully,41009,3,,,,37.75143534,-122.4164762,1358 S Van Ness Ave,San Francisco,CA,94110,,,,,,,,,
08/29/2021,20:02:57,,SMSC,,16504838989,14152852852,Completed Successfully,,,,,,,,,,,,,,,,,,,,
08/29/2021,20:03:05,,SMSC,,16504838989,14152852852,Completed Successfully,,,,,,,,,,,,,,,,,,,,
08/29/2021,20:05:23,60,mSTerminatingSMSinMSC,Incoming,16504838989,14152852852,Completed Successfully,41522,2,,,,37.75143534,-122.4164762,1358 S Van Ness Ave,San Francisco,CA,94110,,,,,,,,,
08/29/2021,20:05:24,,SMSC,,16504838989,128,Completed Successfully,,,,,,,,,,,,,,,,,,,,
08/29/2021,20:05:24,,SMSC,,16504838989,14158887755,Completed Successfully,,,,,,,,,,,,,,,,,,,,
08/29/2021,20:05:26,60,mSTerminatingSMSinMSC,Incoming,16504838989,14152852852,Completed Successfully,41522,2,,,,37.75143534,-122.4164762,1358 S Van Ness Ave,San Francisco,CA,94110,,,,,,,,,
08/29/2021,20:29:53,,SMSC,,16504838989,128,Completed Successfully,,,,,,,,,,,,,,,,,,,,
08/29/2021,20:29:53,,SMSC,,16504838989,14158887755,Completed Successfully,,,,,,,,,,,,,,,,,,,,
08/29/2021,21:16:27,,SMSC,,16504838989,14158887755,Completed Successfully,,,,,,,,,,,,,,,,,,,,
08/29/2021,21:16:28,,SMSC,,16504838989,128,Completed Successfully,,,,,,,,,,,,,,,,,,,,
08/29/2021,21:50:43,,SMSC,,16504838989,14158887755,Completed Successfully,,,,,,,,,,,,,,,,,,,,
08/29/2021,21:50:44,,SMSC,,16504838989,128,Completed Successfully,,,,,,,,,,,,,,,,,,,,
08/29/2021,21:52:56,,SMSC,,16504838989,14158887755,Completed Successfully,,,,,,,,,,,,,,,,,,,,
08/29/2021,21:52:56,,SMSC,,16504838989,22395,Completed Successfully,,,,,,,,,,,,,,,,,,,,
08/29/2021,21:55:43,,SMSC,,16504838989,14158887755,Completed Successfully,,,,,,,,,,,,,,,,,,,,
08/29/2021,21:55:43,,SMSC,,16504838989,22395,Completed Successfully,,,,,,,,,,,,,,,,,,,,
08/29/2021,22:01:15,,SMSC,,16504838989,15102062062,Completed Successfully,,,,,,,,,,,,,,,,,,,,
08/29/2021,22:01:46,,SMSC,,16504838989,16508798798,Completed Successfully,,,,,,,,,,,,,,,,,,,,
08/29/2021,22:05:17,,SMSC,,16504838989,32665,Completed Successfully,,,,,,,,,,,,,,,,,,,,
08/29/2021,22:06:09,,SMSC,,16504838989,32665,Completed Successfully,,,,,,,,,,,,,,,,,,,,
08/29/2021,22:11:19,,SMSC,,16504838989,14158887755,Completed Successfully,,,,,,,,,,,,,,,,,,,,
08/29/2021,22:11:19,,SMSC,,16504838989,837402,Completed Successfully,,,,,,,,,,,,,,,,,,,,
08/29/2021,22:11:54,,SMSC,,16504838989,14158887755,Completed Successfully,,,,,,,,,,,,,,,,,,,,
08/29/2021,22:11:54,,SMSC,,16504838989,837402,Completed Successfully,,,,,,,,,,,,,,,,,,,,
08/29/2021,22:18:38,,SMSC,,16504838989,14151081081,Completed Successfully,,,,,,,,,,,,,,,,,,,,
08/29/2021,22:19:21,,SMSC,,16504838989,128,Completed Successfully,,,,,,,,,,,,,,,,,,,,
08/29/2021,22:19:21,,SMSC,,16504838989,14158887755,Completed Successfully,,,,,,,,,,,,,,,,,,,,
08/29/2021,22:19:21,60,mSOriginatingSMSinMSC,Outgoing,16504838989,14158887755,Completed Successfully,45352,7,,,,37.75143534,-122.4164762,1358 S Van Ness Ave,San Francisco,CA,94110,,,,,,,,,
08/29/2021,22:19:31,60,mSTerminatingSMSinMSC,Incoming,16504838989,14151081081,Completed Successfully,45352,7,,,,37.75143534,-122.4164762,1358 S Van Ness Ave,San Francisco,CA,94110,,,,,,,,,
08/29/2021,23:15:00,,SMSC,,16504838989,14158887755,Completed Successfully,,,,,,,,,,,,,,,,,,,,
08/29/2021,23:15:01,,SMSC,,16504838989,128,Completed Successfully,,,,,,,,,,,,,,,,,,,,
